{"cameraMode":{"drawMode":0,"name":"Shaded","section":"Shading Mode"},"sceneLighting":false,"audioPlay":false,"sceneViewState":{"showFog":true,"showMaterialUpdate":false,"showSkybox":false,"showFlares":true,"showImageEffects":true,"showParticleSystems":true},"in2DMode":false,"pivot":{"x":-0.17000001668930055,"y":0.6299999952316284,"z":8.187000274658204},"rotation":{"x":-0.1688971072435379,"y":-0.18512065708637238,"z":0.032319676131010059,"w":-0.9676108956336975},"size":2.8578836917877199,"orthographic":false}