{"cameraMode":{"drawMode":0,"name":"Shaded","section":"Shading Mode"},"sceneLighting":true,"audioPlay":false,"sceneViewState":{"showFog":true,"showMaterialUpdate":false,"showSkybox":true,"showFlares":true,"showImageEffects":true,"showParticleSystems":true},"in2DMode":false,"pivot":{"x":9.302568435668946,"y":6.491504669189453,"z":-6.737370491027832},"rotation":{"x":-0.1634613275527954,"y":0.11426550149917603,"z":-0.019169576466083528,"w":-0.9798558950424194},"size":3.686662197113037,"orthographic":false}