{"cameraMode":{"drawMode":0,"name":"Shaded","section":"Shading Mode"},"sceneLighting":true,"audioPlay":false,"sceneViewState":{"showFog":true,"showMaterialUpdate":false,"showSkybox":true,"showFlares":true,"showImageEffects":true,"showParticleSystems":true},"in2DMode":false,"pivot":{"x":3.365696668624878,"y":2.135807991027832,"z":-1.7693439722061158},"rotation":{"x":-0.16113431751728059,"y":0.20042729377746583,"z":-0.033505793660879138,"w":-0.9659175276756287},"size":3.686662197113037,"orthographic":false}