{"cameraMode":{"drawMode":0,"name":"Shaded","section":"Shading Mode"},"sceneLighting":true,"audioPlay":false,"sceneViewState":{"showFog":true,"showMaterialUpdate":false,"showSkybox":true,"showFlares":true,"showImageEffects":true,"showParticleSystems":true},"in2DMode":false,"pivot":{"x":0.627973198890686,"y":9.408616065979004,"z":-9.34535026550293},"rotation":{"x":0.23362043499946595,"y":-0.01867135800421238,"z":0.004483593627810478,"w":0.9722736477851868},"size":1.2173106670379639,"orthographic":false}