{"cameraMode":{"drawMode":0,"name":"Shaded","section":"Shading Mode"},"sceneLighting":true,"audioPlay":false,"sceneViewState":{"showFog":false,"showMaterialUpdate":false,"showSkybox":false,"showFlares":false,"showImageEffects":false,"showParticleSystems":false},"in2DMode":false,"pivot":{"x":16.72362518310547,"y":5.317249298095703,"z":0.4255126118659973},"rotation":{"x":-0.10915745049715042,"y":0.5418719053268433,"z":-0.07140563428401947,"w":-0.8302958011627197},"size":2.6226861476898195,"orthographic":false}