{"cameraMode":{"drawMode":0,"name":"Shaded","section":"Shading Mode"},"sceneLighting":true,"audioPlay":false,"sceneViewState":{"showFog":true,"showMaterialUpdate":false,"showSkybox":true,"showFlares":true,"showImageEffects":true,"showParticleSystems":true},"in2DMode":false,"pivot":{"x":-2.227630853652954,"y":-6.861807823181152,"z":21.842609405517579},"rotation":{"x":-0.2911068797111511,"y":0.05159614235162735,"z":-0.015737568959593774,"w":-0.9552273750305176},"size":27.07855796813965,"orthographic":false}